model_variant,attack_variant,threshold,config_label,mode,p_delete,p_add,max_additions,num_seeds,seeds,evaluated_nodes_mean,evaluated_nodes_std,evaluated_nodes_sample_std,evaluated_nodes_sem,evaluated_nodes_ci95_half_width,evaluated_nodes_ci95_low,evaluated_nodes_ci95_high,evaluated_nodes_min,evaluated_nodes_max,purified_plain_correct_fraction_mean,purified_plain_correct_fraction_std,purified_plain_correct_fraction_sample_std,purified_plain_correct_fraction_sem,purified_plain_correct_fraction_ci95_half_width,purified_plain_correct_fraction_ci95_low,purified_plain_correct_fraction_ci95_high,purified_plain_correct_fraction_min,purified_plain_correct_fraction_max,correct_fraction_mean,correct_fraction_std,correct_fraction_sample_std,correct_fraction_sem,correct_fraction_ci95_half_width,correct_fraction_ci95_low,correct_fraction_ci95_high,correct_fraction_min,correct_fraction_max,abstained_fraction_mean,abstained_fraction_std,abstained_fraction_sample_std,abstained_fraction_sem,abstained_fraction_ci95_half_width,abstained_fraction_ci95_low,abstained_fraction_ci95_high,abstained_fraction_min,abstained_fraction_max,correct_abstained_fraction_mean,correct_abstained_fraction_std,correct_abstained_fraction_sample_std,correct_abstained_fraction_sem,correct_abstained_fraction_ci95_half_width,correct_abstained_fraction_ci95_low,correct_abstained_fraction_ci95_high,correct_abstained_fraction_min,correct_abstained_fraction_max,correct_zero_radius_fraction_mean,correct_zero_radius_fraction_std,correct_zero_radius_fraction_sample_std,correct_zero_radius_fraction_sem,correct_zero_radius_fraction_ci95_half_width,correct_zero_radius_fraction_ci95_low,correct_zero_radius_fraction_ci95_high,correct_zero_radius_fraction_min,correct_zero_radius_fraction_max,positive_certified_fraction_mean,positive_certified_fraction_std,positive_certified_fraction_sample_std,positive_certified_fraction_sem,positive_certified_fraction_ci95_half_width,positive_certified_fraction_ci95_low,positive_certified_fraction_ci95_high,positive_certified_fraction_min,positive_certified_fraction_max,max_reported_radius_mean,max_reported_radius_std,max_reported_radius_sample_std,max_reported_radius_sem,max_reported_radius_ci95_half_width,max_reported_radius_ci95_low,max_reported_radius_ci95_high,max_reported_radius_min,max_reported_radius_max,mean_pA_lower_mean,mean_pA_lower_std,mean_pA_lower_sample_std,mean_pA_lower_sem,mean_pA_lower_ci95_half_width,mean_pA_lower_ci95_low,mean_pA_lower_ci95_high,mean_pA_lower_min,mean_pA_lower_max,mean_lower_margin_mean,mean_lower_margin_std,mean_lower_margin_sample_std,mean_lower_margin_sem,mean_lower_margin_ci95_half_width,mean_lower_margin_ci95_low,mean_lower_margin_ci95_high,mean_lower_margin_min,mean_lower_margin_max
clean-training,clean-training,0.01,balanced-sparse-0.2,sparse-edge-flip,0.2,0.2,160,3,7; 42; 99,11.666666666666666,0.4714045207910317,0.5773502691896257,0.3333333333333333,0.6533333333333333,11.013333333333332,12.32,11.0,12.0,0.6616161616161617,0.12994626596230918,0.1591510227938256,0.09188588585181948,0.18009633626956617,0.4815198253465955,0.8417124978857278,0.5,0.8181818181818182,0.4343434343434343,0.2491440299882947,0.3051378729659962,0.17617143309686775,0.3452960088698608,0.08904742547357353,0.7796394432132951,0.08333333333333333,0.6363636363636364,0.1111111111111111,0.15713484026367722,0.19245008972987526,0.11111111111111112,0.2177777777777778,-0.10666666666666669,0.3288888888888889,0.0,0.3333333333333333,0.0,0.0,0.0,0.0,0.0,0.0,0.0,0.0,0.0,0.19444444444444445,0.2749859704614352,0.33678765702728175,0.19444444444444448,0.3811111111111112,-0.18666666666666673,0.5755555555555556,0.0,0.5833333333333334,0.23989898989898992,0.28239956684735895,0.3458674211795091,0.19968664872191125,0.39138583149494605,-0.15148684159595613,0.6312848213939359,0.0,0.6363636363636364,1.3333333333333333,0.9428090415820634,1.1547005383792517,0.6666666666666667,1.3066666666666669,0.026666666666666394,2.64,0.0,2.0,0.8384091415247226,0.1850665374543211,0.22665929261337922,0.13086180360466465,0.2564891350651427,0.5819200064595799,1.0948982765898654,0.5770276882984351,0.9806859313166619,0.676818283049445,0.37013307490864217,0.4533185852267584,0.2617236072093293,0.5129782701302854,0.16384001291915962,1.1897965531797303,0.15405537659687008,0.961371862633324
clean-training,clean-training,0.01,sparse-asym-0.01,sparse-edge-flip,0.01,5e-06,64,3,7; 42; 99,11.666666666666666,0.4714045207910317,0.5773502691896257,0.3333333333333333,0.6533333333333333,11.013333333333332,12.32,11.0,12.0,0.6616161616161617,0.12994626596230918,0.1591510227938256,0.09188588585181948,0.18009633626956617,0.4815198253465955,0.8417124978857278,0.5,0.8181818181818182,0.6616161616161617,0.12994626596230918,0.1591510227938256,0.09188588585181948,0.18009633626956617,0.4815198253465955,0.8417124978857278,0.5,0.8181818181818182,0.0,0.0,0.0,0.0,0.0,0.0,0.0,0.0,0.0,0.0,0.0,0.0,0.0,0.0,0.0,0.0,0.0,0.0,0.6616161616161617,0.12994626596230918,0.1591510227938256,0.09188588585181948,0.18009633626956617,0.4815198253465955,0.8417124978857278,0.5,0.8181818181818182,0.0,0.0,0.0,0.0,0.0,0.0,0.0,0.0,0.0,0.0,0.0,0.0,0.0,0.0,0.0,0.0,0.0,0.0,0.9702974013262285,0.0008758785277865827,0.0010727277348686326,0.0006193396464935826,0.0012139057071274219,0.9690834956191011,0.971511307033356,0.9693909108586717,0.9714817081629706,0.9405948026524573,0.001751757055573127,0.002145455469737218,0.001238679292987138,0.0024278114142547904,0.9381669912382026,0.9430226140667121,0.9387818217173437,0.9429634163259415
clean-training,clean-training,0.01,sparse-asym-0.02,sparse-edge-flip,0.02,1e-05,96,3,7; 42; 99,11.666666666666666,0.4714045207910317,0.5773502691896257,0.3333333333333333,0.6533333333333333,11.013333333333332,12.32,11.0,12.0,0.6616161616161617,0.12994626596230918,0.1591510227938256,0.09188588585181948,0.18009633626956617,0.4815198253465955,0.8417124978857278,0.5,0.8181818181818182,0.6616161616161617,0.12994626596230918,0.1591510227938256,0.09188588585181948,0.18009633626956617,0.4815198253465955,0.8417124978857278,0.5,0.8181818181818182,0.0,0.0,0.0,0.0,0.0,0.0,0.0,0.0,0.0,0.0,0.0,0.0,0.0,0.0,0.0,0.0,0.0,0.0,0.6616161616161617,0.12994626596230918,0.1591510227938256,0.09188588585181948,0.18009633626956617,0.4815198253465955,0.8417124978857278,0.5,0.8181818181818182,0.0,0.0,0.0,0.0,0.0,0.0,0.0,0.0,0.0,0.0,0.0,0.0,0.0,0.0,0.0,0.0,0.0,0.0,0.9574467712357128,0.0007970109999366283,0.0009761351346150676,0.0005635718827354609,0.0011046008901615034,0.9563421703455512,0.9585513721258743,0.9564687388730068,0.9584209980148012,0.9148935424714258,0.0015940219998733021,0.001952270269230191,0.001127143765470954,0.0022092017803230697,0.9126843406911028,0.9171027442517489,0.9129374777460136,0.9168419960296026
clean-training,clean-training,0.01,sparse-asym-0.05,sparse-edge-flip,0.05,2e-05,160,3,7; 42; 99,11.666666666666666,0.4714045207910317,0.5773502691896257,0.3333333333333333,0.6533333333333333,11.013333333333332,12.32,11.0,12.0,0.6616161616161617,0.12994626596230918,0.1591510227938256,0.09188588585181948,0.18009633626956617,0.4815198253465955,0.8417124978857278,0.5,0.8181818181818182,0.6616161616161617,0.12994626596230918,0.1591510227938256,0.09188588585181948,0.18009633626956617,0.4815198253465955,0.8417124978857278,0.5,0.8181818181818182,0.0,0.0,0.0,0.0,0.0,0.0,0.0,0.0,0.0,0.0,0.0,0.0,0.0,0.0,0.0,0.0,0.0,0.0,0.3181818181818182,0.1180133479348275,0.14453624263893114,0.08344803859524397,0.16355815564667817,0.15462366253514,0.4817399738284963,0.16666666666666666,0.45454545454545453,0.3434343434343434,0.014284985478516126,0.017495462702715948,0.01010101010101011,0.019797979797979818,0.3236363636363636,0.36323232323232324,0.3333333333333333,0.36363636363636365,1.0,0.0,0.0,0.0,0.0,1.0,1.0,1.0,1.0,0.9364314377453384,0.005499640033466821,0.006735655925488356,0.0038888327617494006,0.007622112213028825,0.9288093255323097,0.9440535499583672,0.9303554829760124,0.9436743100130389,0.8728628754906769,0.010999280066933593,0.013471311850976652,0.007777665523498766,0.01524422442605758,0.8576186510646193,0.8881070999167344,0.860710965952025,0.8873486200260778
clean-training,clean-training,0.01,symmetric-0.2,symmetric-edge-flip,0.2,0.2,160,3,7; 42; 99,11.666666666666666,0.4714045207910317,0.5773502691896257,0.3333333333333333,0.6533333333333333,11.013333333333332,12.32,11.0,12.0,0.6616161616161617,0.12994626596230918,0.1591510227938256,0.09188588585181948,0.18009633626956617,0.4815198253465955,0.8417124978857278,0.5,0.8181818181818182,0.4343434343434343,0.2491440299882947,0.3051378729659962,0.17617143309686775,0.3452960088698608,0.08904742547357353,0.7796394432132951,0.08333333333333333,0.6363636363636364,0.1111111111111111,0.15713484026367722,0.19245008972987526,0.11111111111111112,0.2177777777777778,-0.10666666666666669,0.3288888888888889,0.0,0.3333333333333333,0.0,0.0,0.0,0.0,0.0,0.0,0.0,0.0,0.0,0.19444444444444445,0.2749859704614352,0.33678765702728175,0.19444444444444448,0.3811111111111112,-0.18666666666666673,0.5755555555555556,0.0,0.5833333333333334,0.23989898989898992,0.28239956684735895,0.3458674211795091,0.19968664872191125,0.39138583149494605,-0.15148684159595613,0.6312848213939359,0.0,0.6363636363636364,1.3333333333333333,0.9428090415820634,1.1547005383792517,0.6666666666666667,1.3066666666666669,0.026666666666666394,2.64,0.0,2.0,0.8464920752645096,0.17378677271189902,0.21284445859459408,0.12288580546510905,0.24085617871161374,0.6056358965528958,1.0873482539761234,0.6010786580883368,0.9806859313166619,0.6929841505290192,0.34757354542379804,0.42568891718918817,0.2457716109302181,0.4817123574232275,0.2112717931057917,1.1746965079522467,0.2021573161766735,0.961371862633324
clean-training,clean-training,0.01,symmetric-0.3,symmetric-edge-flip,0.3,0.3,160,3,7; 42; 99,11.666666666666666,0.4714045207910317,0.5773502691896257,0.3333333333333333,0.6533333333333333,11.013333333333332,12.32,11.0,12.0,0.6616161616161617,0.12994626596230918,0.1591510227938256,0.09188588585181948,0.18009633626956617,0.4815198253465955,0.8417124978857278,0.5,0.8181818181818182,0.4343434343434343,0.2491440299882947,0.3051378729659962,0.17617143309686775,0.3452960088698608,0.08904742547357353,0.7796394432132951,0.08333333333333333,0.6363636363636364,0.1111111111111111,0.15713484026367722,0.19245008972987526,0.11111111111111112,0.2177777777777778,-0.10666666666666669,0.3288888888888889,0.0,0.3333333333333333,0.0,0.0,0.0,0.0,0.0,0.0,0.0,0.0,0.0,0.16666666666666666,0.23570226039551584,0.2886751345948129,0.16666666666666669,0.3266666666666667,-0.16000000000000006,0.4933333333333334,0.0,0.5,0.2676767676767677,0.26070098498291905,0.3192921943245658,0.18434343434343436,0.36131313131313136,-0.09363636363636368,0.628989898989899,0.08333333333333333,0.6363636363636364,3.6666666666666665,1.8856180831641267,2.3094010767585034,1.3333333333333335,2.6133333333333337,1.0533333333333328,6.28,1.0,5.0,0.8550636547837054,0.1733402779487589,0.212297616423335,0.12257008599032838,0.24023736854104363,0.6148262862426618,1.095301023324749,0.6099579640516243,0.9811771485586083,0.7101273095674111,0.34668055589751795,0.42459523284667017,0.24514017198065688,0.4804747370820875,0.22965257248532361,1.1906020466494986,0.2199159281032486,0.9623542971172169
clean-training,clean-training,0.02,balanced-sparse-0.2,sparse-edge-flip,0.2,0.2,160,3,7; 42; 99,11.666666666666666,0.4714045207910317,0.5773502691896257,0.3333333333333333,0.6533333333333333,11.013333333333332,12.32,11.0,12.0,0.6616161616161617,0.12994626596230918,0.1591510227938256,0.09188588585181948,0.18009633626956617,0.4815198253465955,0.8417124978857278,0.5,0.8181818181818182,0.4343434343434343,0.2491440299882947,0.3051378729659962,0.17617143309686775,0.3452960088698608,0.08904742547357353,0.7796394432132951,0.08333333333333333,0.6363636363636364,0.1111111111111111,0.15713484026367722,0.19245008972987526,0.11111111111111112,0.2177777777777778,-0.10666666666666669,0.3288888888888889,0.0,0.3333333333333333,0.0,0.0,0.0,0.0,0.0,0.0,0.0,0.0,0.0,0.19444444444444445,0.2749859704614352,0.33678765702728175,0.19444444444444448,0.3811111111111112,-0.18666666666666673,0.5755555555555556,0.0,0.5833333333333334,0.23989898989898992,0.28239956684735895,0.3458674211795091,0.19968664872191125,0.39138583149494605,-0.15148684159595613,0.6312848213939359,0.0,0.6363636363636364,1.3333333333333333,0.9428090415820634,1.1547005383792517,0.6666666666666667,1.3066666666666669,0.026666666666666394,2.64,0.0,2.0,0.8422915700921898,0.17442163295062552,0.21362200041602478,0.12333471944501825,0.24173605011223578,0.600555519979954,1.0840276202044257,0.5963057092524168,0.9811771485586083,0.6845831401843797,0.34884326590125114,0.4272440008320498,0.24666943889003665,0.48347210022447185,0.20111103995990787,1.1680552404088516,0.19261141850483332,0.9623542971172169
clean-training,clean-training,0.02,sparse-asym-0.01,sparse-edge-flip,0.01,5e-06,64,3,7; 42; 99,11.666666666666666,0.4714045207910317,0.5773502691896257,0.3333333333333333,0.6533333333333333,11.013333333333332,12.32,11.0,12.0,0.6616161616161617,0.12994626596230918,0.1591510227938256,0.09188588585181948,0.18009633626956617,0.4815198253465955,0.8417124978857278,0.5,0.8181818181818182,0.6616161616161617,0.12994626596230918,0.1591510227938256,0.09188588585181948,0.18009633626956617,0.4815198253465955,0.8417124978857278,0.5,0.8181818181818182,0.0,0.0,0.0,0.0,0.0,0.0,0.0,0.0,0.0,0.0,0.0,0.0,0.0,0.0,0.0,0.0,0.0,0.0,0.6616161616161617,0.12994626596230918,0.1591510227938256,0.09188588585181948,0.18009633626956617,0.4815198253465955,0.8417124978857278,0.5,0.8181818181818182,0.0,0.0,0.0,0.0,0.0,0.0,0.0,0.0,0.0,0.0,0.0,0.0,0.0,0.0,0.0,0.0,0.0,0.0,0.9684761692977238,0.0017876235739813472,0.002189382804212358,0.0012640407513711425,0.0024775198726874393,0.9659986494250364,0.9709536891704112,0.9659976656704949,0.9701468859311563,0.9369523385954482,0.0035752471479626956,0.0043787656084247175,0.0025280815027422863,0.004955039745374881,0.9319972988500733,0.9419073783408232,0.9319953313409903,0.9402937718623131
clean-training,clean-training,0.02,sparse-asym-0.02,sparse-edge-flip,0.02,1e-05,96,3,7; 42; 99,11.666666666666666,0.4714045207910317,0.5773502691896257,0.3333333333333333,0.6533333333333333,11.013333333333332,12.32,11.0,12.0,0.6616161616161617,0.12994626596230918,0.1591510227938256,0.09188588585181948,0.18009633626956617,0.4815198253465955,0.8417124978857278,0.5,0.8181818181818182,0.6616161616161617,0.12994626596230918,0.1591510227938256,0.09188588585181948,0.18009633626956617,0.4815198253465955,0.8417124978857278,0.5,0.8181818181818182,0.0,0.0,0.0,0.0,0.0,0.0,0.0,0.0,0.0,0.0,0.0,0.0,0.0,0.0,0.0,0.0,0.0,0.0,0.6616161616161617,0.12994626596230918,0.1591510227938256,0.09188588585181948,0.18009633626956617,0.4815198253465955,0.8417124978857278,0.5,0.8181818181818182,0.0,0.0,0.0,0.0,0.0,0.0,0.0,0.0,0.0,0.0,0.0,0.0,0.0,0.0,0.0,0.0,0.0,0.0,0.9584876918875495,0.0011584396413861265,0.00141879300960437,0.0008191405260194424,0.001605515430998107,0.9568821764565514,0.9600932073185475,0.9568854979539312,0.959584938400044,0.9169753837750996,0.0023168792827723233,0.002837586019208826,0.0016382810520389343,0.0032110308619963113,0.9137643529131032,0.9201864146370959,0.9137709959078627,0.9191698768000885
clean-training,clean-training,0.02,sparse-asym-0.05,sparse-edge-flip,0.05,2e-05,160,3,7; 42; 99,11.666666666666666,0.4714045207910317,0.5773502691896257,0.3333333333333333,0.6533333333333333,11.013333333333332,12.32,11.0,12.0,0.6616161616161617,0.12994626596230918,0.1591510227938256,0.09188588585181948,0.18009633626956617,0.4815198253465955,0.8417124978857278,0.5,0.8181818181818182,0.6616161616161617,0.12994626596230918,0.1591510227938256,0.09188588585181948,0.18009633626956617,0.4815198253465955,0.8417124978857278,0.5,0.8181818181818182,0.0,0.0,0.0,0.0,0.0,0.0,0.0,0.0,0.0,0.0,0.0,0.0,0.0,0.0,0.0,0.0,0.0,0.0,0.2904040404040404,0.12094878802856612,0.1481314078390148,0.08552370819129344,0.16762646805493514,0.12277757234910525,0.4580305084589755,0.16666666666666666,0.45454545454545453,0.37121212121212127,0.10220255729721243,0.12517205789286595,0.07226812131946558,0.14164551778615253,0.22956660342596874,0.5128576389982737,0.25,0.5,1.0,0.0,0.0,0.0,0.0,1.0,1.0,1.0,1.0,0.9374305742096899,0.004367448536562834,0.005349010196222032,0.0030882524766868433,0.006052974854306213,0.9313775993553837,0.9434835490639961,0.9342212881503655,0.9436054767857408,0.8748611484193799,0.0087348970731259,0.010698020392444349,0.0061765049533738505,0.012105949708612746,0.8627551987107671,0.8869670981279927,0.8684425763007311,0.8872109535714819
clean-training,clean-training,0.02,symmetric-0.2,symmetric-edge-flip,0.2,0.2,160,3,7; 42; 99,11.666666666666666,0.4714045207910317,0.5773502691896257,0.3333333333333333,0.6533333333333333,11.013333333333332,12.32,11.0,12.0,0.6616161616161617,0.12994626596230918,0.1591510227938256,0.09188588585181948,0.18009633626956617,0.4815198253465955,0.8417124978857278,0.5,0.8181818181818182,0.4343434343434343,0.2491440299882947,0.3051378729659962,0.17617143309686775,0.3452960088698608,0.08904742547357353,0.7796394432132951,0.08333333333333333,0.6363636363636364,0.08333333333333333,0.11785113019775792,0.14433756729740646,0.08333333333333334,0.16333333333333336,-0.08000000000000003,0.2466666666666667,0.0,0.25,0.0,0.0,0.0,0.0,0.0,0.0,0.0,0.0,0.0,0.19444444444444445,0.2749859704614352,0.33678765702728175,0.19444444444444448,0.3811111111111112,-0.18666666666666673,0.5755555555555556,0.0,0.5833333333333334,0.23989898989898992,0.28239956684735895,0.3458674211795091,0.19968664872191125,0.39138583149494605,-0.15148684159595613,0.6312848213939359,0.0,0.6363636363636364,1.3333333333333333,0.9428090415820634,1.1547005383792517,0.6666666666666667,1.3066666666666669,0.026666666666666394,2.64,0.0,2.0,0.8488722430346008,0.16975898036539377,0.2079114405751815,0.12003772618368393,0.2352739433200205,0.6135982997145804,1.0841461863546213,0.6092299458932795,0.9811771485586083,0.6977444860692016,0.3395179607307875,0.4158228811503629,0.2400754523673678,0.4705478866400409,0.2271965994291607,1.1682923727092425,0.2184598917865591,0.9623542971172169
clean-training,clean-training,0.02,symmetric-0.3,symmetric-edge-flip,0.3,0.3,160,3,7; 42; 99,11.666666666666666,0.4714045207910317,0.5773502691896257,0.3333333333333333,0.6533333333333333,11.013333333333332,12.32,11.0,12.0,0.6616161616161617,0.12994626596230918,0.1591510227938256,0.09188588585181948,0.18009633626956617,0.4815198253465955,0.8417124978857278,0.5,0.8181818181818182,0.4621212121212121,0.268129025220884,0.3283896485105037,0.1895958519666259,0.37160786985458677,0.09051334226662533,0.8337290819757989,0.08333333333333333,0.6666666666666666,0.1111111111111111,0.15713484026367722,0.19245008972987526,0.11111111111111112,0.2177777777777778,-0.10666666666666669,0.3288888888888889,0.0,0.3333333333333333,0.027777777777777776,0.039283710065919304,0.048112522432468816,0.02777777777777778,0.05444444444444445,-0.026666666666666672,0.08222222222222222,0.0,0.08333333333333333,0.1388888888888889,0.19641855032959654,0.2405626121623441,0.13888888888888892,0.2722222222222223,-0.13333333333333341,0.4111111111111112,0.0,0.4166666666666667,0.29545454545454547,0.24344796474737435,0.2981616462750671,0.17214370673893198,0.33740166520830667,-0.0419471197537612,0.6328562106628521,0.08333333333333333,0.6363636363636364,3.6666666666666665,1.8856180831641267,2.3094010767585034,1.3333333333333335,2.6133333333333337,1.0533333333333328,6.28,1.0,5.0,0.848847551693836,0.18029203438129854,0.22081174446125143,0.12748572010493436,0.24987201140567133,0.5989755402881647,1.0987195630995072,0.593938257084141,0.9811771485586083,0.6976951033876723,0.3605840687625971,0.44162348892250286,0.2549714402098687,0.49974402281134267,0.1979510805763296,1.197439126199015,0.18787651416828233,0.9623542971172169
clean-training,clean-training,0.05,balanced-sparse-0.2,sparse-edge-flip,0.2,0.2,160,3,7; 42; 99,11.666666666666666,0.4714045207910317,0.5773502691896257,0.3333333333333333,0.6533333333333333,11.013333333333332,12.32,11.0,12.0,0.7449494949494949,0.0619588088201278,0.07588373333998348,0.04381149387095325,0.08587052798706836,0.6590789669624265,0.8308200229365633,0.6666666666666666,0.8181818181818182,0.4343434343434343,0.2491440299882947,0.3051378729659962,0.17617143309686775,0.3452960088698608,0.08904742547357353,0.7796394432132951,0.08333333333333333,0.6363636363636364,0.08333333333333333,0.11785113019775792,0.14433756729740646,0.08333333333333334,0.16333333333333336,-0.08000000000000003,0.2466666666666667,0.0,0.25,0.0,0.0,0.0,0.0,0.0,0.0,0.0,0.0,0.0,0.19444444444444445,0.2749859704614352,0.33678765702728175,0.19444444444444448,0.3811111111111112,-0.18666666666666673,0.5755555555555556,0.0,0.5833333333333334,0.23989898989898992,0.28239956684735895,0.3458674211795091,0.19968664872191125,0.39138583149494605,-0.15148684159595613,0.6312848213939359,0.0,0.6363636363636364,1.3333333333333333,0.9428090415820634,1.1547005383792517,0.6666666666666667,1.3066666666666669,0.026666666666666394,2.64,0.0,2.0,0.8488588530943977,0.16771402311324224,0.20540688966839388,0.11859172304345098,0.2324397771651639,0.6164190759292338,1.0812986302595615,0.6121130076594805,0.9797034968327692,0.6977177061887953,0.3354280462264845,0.4108137793367877,0.23718344608690192,0.46487955433032774,0.2328381518584675,1.162597260519123,0.224226015318961,0.9594069936655384
clean-training,clean-training,0.05,sparse-asym-0.01,sparse-edge-flip,0.01,5e-06,64,3,7; 42; 99,11.666666666666666,0.4714045207910317,0.5773502691896257,0.3333333333333333,0.6533333333333333,11.013333333333332,12.32,11.0,12.0,0.7449494949494949,0.0619588088201278,0.07588373333998348,0.04381149387095325,0.08587052798706836,0.6590789669624265,0.8308200229365633,0.6666666666666666,0.8181818181818182,0.7449494949494949,0.0619588088201278,0.07588373333998348,0.04381149387095325,0.08587052798706836,0.6590789669624265,0.8308200229365633,0.6666666666666666,0.8181818181818182,0.0,0.0,0.0,0.0,0.0,0.0,0.0,0.0,0.0,0.0,0.0,0.0,0.0,0.0,0.0,0.0,0.0,0.0,0.7449494949494949,0.0619588088201278,0.07588373333998348,0.04381149387095325,0.08587052798706836,0.6590789669624265,0.8308200229365633,0.6666666666666666,0.8181818181818182,0.0,0.0,0.0,0.0,0.0,0.0,0.0,0.0,0.0,0.0,0.0,0.0,0.0,0.0,0.0,0.0,0.0,0.0,0.9645679363523799,0.0010920746737242276,0.0013375128558203908,0.0007722134073524878,0.001513538278410876,0.9630543980739691,0.9660814746307907,0.9632377659560255,0.9659126726941459,0.9291358727047602,0.002184149347448773,0.0026750257116411706,0.0015444268147052002,0.0030270765568221926,0.926108796147938,0.9321629492615824,0.9264755319120509,0.9318253453882925
clean-training,clean-training,0.05,sparse-asym-0.02,sparse-edge-flip,0.02,1e-05,96,3,7; 42; 99,11.666666666666666,0.4714045207910317,0.5773502691896257,0.3333333333333333,0.6533333333333333,11.013333333333332,12.32,11.0,12.0,0.7449494949494949,0.0619588088201278,0.07588373333998348,0.04381149387095325,0.08587052798706836,0.6590789669624265,0.8308200229365633,0.6666666666666666,0.8181818181818182,0.7449494949494949,0.0619588088201278,0.07588373333998348,0.04381149387095325,0.08587052798706836,0.6590789669624265,0.8308200229365633,0.6666666666666666,0.8181818181818182,0.0,0.0,0.0,0.0,0.0,0.0,0.0,0.0,0.0,0.0,0.0,0.0,0.0,0.0,0.0,0.0,0.0,0.0,0.7449494949494949,0.0619588088201278,0.07588373333998348,0.04381149387095325,0.08587052798706836,0.6590789669624265,0.8308200229365633,0.6666666666666666,0.8181818181818182,0.0,0.0,0.0,0.0,0.0,0.0,0.0,0.0,0.0,0.0,0.0,0.0,0.0,0.0,0.0,0.0,0.0,0.0,0.9550835625396084,0.0005997396950827385,0.0007345281157225393,0.0004240800053397567,0.0008311968104659231,0.9542523657291424,0.9559147593500743,0.9544583720901993,0.9558925288243705,0.9101671250792168,0.0011994793901654156,0.0014690562314450038,0.0008481600106794702,0.0016623936209317614,0.908504731458285,0.9118295187001486,0.9089167441803988,0.911785057648741
clean-training,clean-training,0.05,sparse-asym-0.05,sparse-edge-flip,0.05,2e-05,160,3,7; 42; 99,11.666666666666666,0.4714045207910317,0.5773502691896257,0.3333333333333333,0.6533333333333333,11.013333333333332,12.32,11.0,12.0,0.7449494949494949,0.0619588088201278,0.07588373333998348,0.04381149387095325,0.08587052798706836,0.6590789669624265,0.8308200229365633,0.6666666666666666,0.8181818181818182,0.7449494949494949,0.0619588088201278,0.07588373333998348,0.04381149387095325,0.08587052798706836,0.6590789669624265,0.8308200229365633,0.6666666666666666,0.8181818181818182,0.0,0.0,0.0,0.0,0.0,0.0,0.0,0.0,0.0,0.0,0.0,0.0,0.0,0.0,0.0,0.0,0.0,0.0,0.5176767676767676,0.0905576822072783,0.11091005684847347,0.06403395117730286,0.1255065443075136,0.392170223369254,0.6431833119842812,0.4166666666666667,0.6363636363636364,0.2272727272727273,0.032141217326661246,0.03936479108111084,0.022727272727272728,0.04454545454545455,0.18272727272727274,0.27181818181818185,0.18181818181818182,0.25,1.0,0.0,0.0,0.0,0.0,1.0,1.0,1.0,1.0,0.9305044701952663,0.0026942142698077147,0.003299725109377034,0.001905097180150598,0.003733990473095172,0.9267704797221711,0.9342384606683615,0.9269433851457527,0.9334585504271512,0.8610089403905322,0.005388428539615323,0.0065994502187539375,0.003810194360301121,0.0074679809461901964,0.853540959444342,0.8684769213367224,0.8538867702915055,0.8669171008543023
clean-training,clean-training,0.05,symmetric-0.2,symmetric-edge-flip,0.2,0.2,160,3,7; 42; 99,11.666666666666666,0.4714045207910317,0.5773502691896257,0.3333333333333333,0.6533333333333333,11.013333333333332,12.32,11.0,12.0,0.7449494949494949,0.0619588088201278,0.07588373333998348,0.04381149387095325,0.08587052798706836,0.6590789669624265,0.8308200229365633,0.6666666666666666,0.8181818181818182,0.4621212121212121,0.268129025220884,0.3283896485105037,0.1895958519666259,0.37160786985458677,0.09051334226662533,0.8337290819757989,0.08333333333333333,0.6666666666666666,0.1111111111111111,0.15713484026367722,0.19245008972987526,0.11111111111111112,0.2177777777777778,-0.10666666666666669,0.3288888888888889,0.0,0.3333333333333333,0.027777777777777776,0.039283710065919304,0.048112522432468816,0.02777777777777778,0.05444444444444445,-0.026666666666666672,0.08222222222222222,0.0,0.08333333333333333,0.19444444444444445,0.2749859704614352,0.33678765702728175,0.19444444444444448,0.3811111111111112,-0.18666666666666673,0.5755555555555556,0.0,0.5833333333333334,0.23989898989898992,0.28239956684735895,0.3458674211795091,0.19968664872191125,0.39138583149494605,-0.15148684159595613,0.6312848213939359,0.0,0.6363636363636364,1.3333333333333333,0.9428090415820634,1.1547005383792517,0.6666666666666667,1.3066666666666669,0.026666666666666394,2.64,0.0,2.0,0.8440533517601115,0.1751698714164224,0.21453840163958743,0.12386380393812786,0.24277305571873062,0.6012802960413809,1.086826407478842,0.5967807001757773,0.9806859313166619,0.6881067035202233,0.35033974283284464,0.4290768032791747,0.2477276078762556,0.485546111437461,0.20256059208276228,1.1736528149576844,0.1935614003515549,0.961371862633324
clean-training,clean-training,0.05,symmetric-0.3,symmetric-edge-flip,0.3,0.3,160,3,7; 42; 99,11.666666666666666,0.4714045207910317,0.5773502691896257,0.3333333333333333,0.6533333333333333,11.013333333333332,12.32,11.0,12.0,0.7449494949494949,0.0619588088201278,0.07588373333998348,0.04381149387095325,0.08587052798706836,0.6590789669624265,0.8308200229365633,0.6666666666666666,0.8181818181818182,0.4343434343434343,0.2491440299882947,0.3051378729659962,0.17617143309686775,0.3452960088698608,0.08904742547357353,0.7796394432132951,0.08333333333333333,0.6363636363636364,0.1111111111111111,0.15713484026367722,0.19245008972987526,0.11111111111111112,0.2177777777777778,-0.10666666666666669,0.3288888888888889,0.0,0.3333333333333333,0.0,0.0,0.0,0.0,0.0,0.0,0.0,0.0,0.0,0.1388888888888889,0.19641855032959654,0.2405626121623441,0.13888888888888892,0.2722222222222223,-0.13333333333333341,0.4111111111111112,0.0,0.4166666666666667,0.29545454545454547,0.24344796474737435,0.2981616462750671,0.17214370673893198,0.33740166520830667,-0.0419471197537612,0.6328562106628521,0.08333333333333333,0.6363636363636364,3.6666666666666665,1.8856180831641267,2.3094010767585034,1.3333333333333335,2.6133333333333337,1.0533333333333328,6.28,1.0,5.0,0.849622720377675,0.17904752853116856,0.21928754230388792,0.12660572157908115,0.24814721429499906,0.6014755060826759,1.097769934672674,0.5964766173830731,0.9811771485586083,0.6992454407553502,0.358095057062337,0.4385750846077757,0.25321144315816224,0.496294428589998,0.20295101216535222,1.1955398693453483,0.19295323476614645,0.9623542971172169
clean-warmstart-symmetric-finetune,clean-warmstart-symmetric-finetune,0.01,balanced-sparse-0.2,sparse-edge-flip,0.2,0.2,160,3,7; 42; 99,11.666666666666666,0.4714045207910317,0.5773502691896257,0.3333333333333333,0.6533333333333333,11.013333333333332,12.32,11.0,12.0,0.601010101010101,0.07248838431518849,0.0887797769254896,0.05125702810652635,0.10046377508879165,0.5005463259213093,0.7014738760988927,0.5,0.6666666666666666,0.4343434343434343,0.2491440299882947,0.3051378729659962,0.17617143309686775,0.3452960088698608,0.08904742547357353,0.7796394432132951,0.08333333333333333,0.6363636363636364,0.1111111111111111,0.15713484026367722,0.19245008972987526,0.11111111111111112,0.2177777777777778,-0.10666666666666669,0.3288888888888889,0.0,0.3333333333333333,0.0,0.0,0.0,0.0,0.0,0.0,0.0,0.0,0.0,0.19444444444444445,0.2749859704614352,0.33678765702728175,0.19444444444444448,0.3811111111111112,-0.18666666666666673,0.5755555555555556,0.0,0.5833333333333334,0.23989898989898992,0.28239956684735895,0.3458674211795091,0.19968664872191125,0.39138583149494605,-0.15148684159595613,0.6312848213939359,0.0,0.6363636363636364,1.3333333333333333,0.9428090415820634,1.1547005383792517,0.6666666666666667,1.3066666666666669,0.026666666666666394,2.64,0.0,2.0,0.85516266257011,0.17472076607235282,0.21398836217272366,0.12354623850386914,0.2421506274675835,0.6130120351025264,1.0973132900376934,0.6080807881314781,0.9806859313166619,0.7103253251402201,0.3494415321447057,0.42797672434544737,0.24709247700773831,0.48430125493516707,0.226024070205053,1.1946265800753872,0.21616157626295632,0.961371862633324
clean-warmstart-symmetric-finetune,clean-warmstart-symmetric-finetune,0.01,sparse-asym-0.01,sparse-edge-flip,0.01,5e-06,64,3,7; 42; 99,11.666666666666666,0.4714045207910317,0.5773502691896257,0.3333333333333333,0.6533333333333333,11.013333333333332,12.32,11.0,12.0,0.601010101010101,0.07248838431518849,0.0887797769254896,0.05125702810652635,0.10046377508879165,0.5005463259213093,0.7014738760988927,0.5,0.6666666666666666,0.601010101010101,0.07248838431518849,0.0887797769254896,0.05125702810652635,0.10046377508879165,0.5005463259213093,0.7014738760988927,0.5,0.6666666666666666,0.0,0.0,0.0,0.0,0.0,0.0,0.0,0.0,0.0,0.0,0.0,0.0,0.0,0.0,0.0,0.0,0.0,0.0,0.601010101010101,0.07248838431518849,0.0887797769254896,0.05125702810652635,0.10046377508879165,0.5005463259213093,0.7014738760988927,0.5,0.6666666666666666,0.0,0.0,0.0,0.0,0.0,0.0,0.0,0.0,0.0,0.0,0.0,0.0,0.0,0.0,0.0,0.0,0.0,0.0,0.9689900334490886,0.0029365643222397575,0.0035965420931746606,0.0020764645456462106,0.004069870509466573,0.964920162939622,0.9730599039585552,0.9648458580077874,0.971295514532465,0.9379800668981773,0.005873128644479625,0.0071930841863494565,0.004152929091292499,0.008139741018933298,0.9298403258792439,0.9461198079171106,0.9296917160155748,0.9425910290649298
clean-warmstart-symmetric-finetune,clean-warmstart-symmetric-finetune,0.01,sparse-asym-0.02,sparse-edge-flip,0.02,1e-05,96,3,7; 42; 99,11.666666666666666,0.4714045207910317,0.5773502691896257,0.3333333333333333,0.6533333333333333,11.013333333333332,12.32,11.0,12.0,0.601010101010101,0.07248838431518849,0.0887797769254896,0.05125702810652635,0.10046377508879165,0.5005463259213093,0.7014738760988927,0.5,0.6666666666666666,0.601010101010101,0.07248838431518849,0.0887797769254896,0.05125702810652635,0.10046377508879165,0.5005463259213093,0.7014738760988927,0.5,0.6666666666666666,0.0,0.0,0.0,0.0,0.0,0.0,0.0,0.0,0.0,0.0,0.0,0.0,0.0,0.0,0.0,0.0,0.0,0.0,0.601010101010101,0.07248838431518849,0.0887797769254896,0.05125702810652635,0.10046377508879165,0.5005463259213093,0.7014738760988927,0.5,0.6666666666666666,0.0,0.0,0.0,0.0,0.0,0.0,0.0,0.0,0.0,0.0,0.0,0.0,0.0,0.0,0.0,0.0,0.0,0.0,0.9521328194834227,0.0059484095519232736,0.007285284091654769,0.00420616073143978,0.008244075033621968,0.9438887444498006,0.9603768945170447,0.9451931213530288,0.9597204114607468,0.9042656389668456,0.011896819103846497,0.014570568183309478,0.008412321462879523,0.016488150067243867,0.8877774888996017,0.9207537890340896,0.8903862427060578,0.9194408229214938
clean-warmstart-symmetric-finetune,clean-warmstart-symmetric-finetune,0.01,sparse-asym-0.05,sparse-edge-flip,0.05,2e-05,160,3,7; 42; 99,11.666666666666666,0.4714045207910317,0.5773502691896257,0.3333333333333333,0.6533333333333333,11.013333333333332,12.32,11.0,12.0,0.601010101010101,0.07248838431518849,0.0887797769254896,0.05125702810652635,0.10046377508879165,0.5005463259213093,0.7014738760988927,0.5,0.6666666666666666,0.601010101010101,0.07248838431518849,0.0887797769254896,0.05125702810652635,0.10046377508879165,0.5005463259213093,0.7014738760988927,0.5,0.6666666666666666,0.0,0.0,0.0,0.0,0.0,0.0,0.0,0.0,0.0,0.0,0.0,0.0,0.0,0.0,0.0,0.0,0.0,0.0,0.3762626262626263,0.1572565401711138,0.192599141067357,0.11119716594092928,0.21794644524422138,0.15831618101840492,0.5942090715068477,0.16666666666666666,0.5454545454545454,0.22474747474747478,0.10056721086737311,0.1231691757399717,0.071111756769337,0.13937904326790052,0.08536843147957426,0.3641265180153753,0.09090909090909091,0.3333333333333333,1.0,0.0,0.0,0.0,0.0,1.0,1.0,1.0,1.0,0.9285401586933436,0.012267841360519208,0.015024975789341513,0.008674673816543934,0.01700236068042611,0.9115377980129175,0.9455425193737698,0.9112362944581656,0.9382793393419483,0.8570803173866871,0.024535682721038517,0.030049951578683152,0.017349347633087937,0.03400472136085236,0.8230755960258348,0.8910850387475394,0.8224725889163312,0.8765586786838973
clean-warmstart-symmetric-finetune,clean-warmstart-symmetric-finetune,0.01,symmetric-0.2,symmetric-edge-flip,0.2,0.2,160,3,7; 42; 99,11.666666666666666,0.4714045207910317,0.5773502691896257,0.3333333333333333,0.6533333333333333,11.013333333333332,12.32,11.0,12.0,0.601010101010101,0.07248838431518849,0.0887797769254896,0.05125702810652635,0.10046377508879165,0.5005463259213093,0.7014738760988927,0.5,0.6666666666666666,0.4621212121212121,0.268129025220884,0.3283896485105037,0.1895958519666259,0.37160786985458677,0.09051334226662533,0.8337290819757989,0.08333333333333333,0.6666666666666666,0.1111111111111111,0.15713484026367722,0.19245008972987526,0.11111111111111112,0.2177777777777778,-0.10666666666666669,0.3288888888888889,0.0,0.3333333333333333,0.027777777777777776,0.039283710065919304,0.048112522432468816,0.02777777777777778,0.05444444444444445,-0.026666666666666672,0.08222222222222222,0.0,0.08333333333333333,0.19444444444444445,0.2749859704614352,0.33678765702728175,0.19444444444444448,0.3811111111111112,-0.18666666666666673,0.5755555555555556,0.0,0.5833333333333334,0.23989898989898992,0.28239956684735895,0.3458674211795091,0.19968664872191125,0.39138583149494605,-0.15148684159595613,0.6312848213939359,0.0,0.6363636363636364,1.3333333333333333,0.9428090415820634,1.1547005383792517,0.6666666666666667,1.3066666666666669,0.026666666666666394,2.64,0.0,2.0,0.8484905976257231,0.18319994265225412,0.22437319020258145,0.1295419217623955,0.2539021666542952,0.5945884309714279,1.1023927642800184,0.589418851572899,0.9801947140747157,0.6969811952514461,0.3663998853045082,0.44874638040516285,0.25908384352479097,0.5078043333085903,0.18917686194285577,1.2047855285600364,0.17883770314579783,0.9603894281494311
clean-warmstart-symmetric-finetune,clean-warmstart-symmetric-finetune,0.01,symmetric-0.3,symmetric-edge-flip,0.3,0.3,160,3,7; 42; 99,11.666666666666666,0.4714045207910317,0.5773502691896257,0.3333333333333333,0.6533333333333333,11.013333333333332,12.32,11.0,12.0,0.601010101010101,0.07248838431518849,0.0887797769254896,0.05125702810652635,0.10046377508879165,0.5005463259213093,0.7014738760988927,0.5,0.6666666666666666,0.4621212121212121,0.268129025220884,0.3283896485105037,0.1895958519666259,0.37160786985458677,0.09051334226662533,0.8337290819757989,0.08333333333333333,0.6666666666666666,0.1111111111111111,0.15713484026367722,0.19245008972987526,0.11111111111111112,0.2177777777777778,-0.10666666666666669,0.3288888888888889,0.0,0.3333333333333333,0.027777777777777776,0.039283710065919304,0.048112522432468816,0.02777777777777778,0.05444444444444445,-0.026666666666666672,0.08222222222222222,0.0,0.08333333333333333,0.1388888888888889,0.19641855032959654,0.2405626121623441,0.13888888888888892,0.2722222222222223,-0.13333333333333341,0.4111111111111112,0.0,0.4166666666666667,0.29545454545454547,0.24344796474737435,0.2981616462750671,0.17214370673893198,0.33740166520830667,-0.0419471197537612,0.6328562106628521,0.08333333333333333,0.6363636363636364,3.6666666666666665,1.8856180831641267,2.3094010767585034,1.3333333333333335,2.6133333333333337,1.0533333333333328,6.28,1.0,5.0,0.8507705198445111,0.18442282295082887,0.2258709065765867,0.13040662871409717,0.25559699227963045,0.5951735275648806,1.1063675121241416,0.5899572624163169,0.9811771485586083,0.7015410396890225,0.36884564590165786,0.4517418131531735,0.2608132574281944,0.511193984559261,0.19034705512976147,1.2127350242482835,0.17991452483263368,0.9623542971172169
clean-warmstart-symmetric-finetune,clean-warmstart-symmetric-finetune,0.02,balanced-sparse-0.2,sparse-edge-flip,0.2,0.2,160,3,7; 42; 99,11.666666666666666,0.4714045207910317,0.5773502691896257,0.3333333333333333,0.6533333333333333,11.013333333333332,12.32,11.0,12.0,0.601010101010101,0.07248838431518849,0.0887797769254896,0.05125702810652635,0.10046377508879165,0.5005463259213093,0.7014738760988927,0.5,0.6666666666666666,0.4343434343434343,0.2491440299882947,0.3051378729659962,0.17617143309686775,0.3452960088698608,0.08904742547357353,0.7796394432132951,0.08333333333333333,0.6363636363636364,0.1388888888888889,0.19641855032959654,0.2405626121623441,0.13888888888888892,0.2722222222222223,-0.13333333333333341,0.4111111111111112,0.0,0.4166666666666667,0.0,0.0,0.0,0.0,0.0,0.0,0.0,0.0,0.0,0.19444444444444445,0.2749859704614352,0.33678765702728175,0.19444444444444448,0.3811111111111112,-0.18666666666666673,0.5755555555555556,0.0,0.5833333333333334,0.23989898989898992,0.28239956684735895,0.3458674211795091,0.19968664872191125,0.39138583149494605,-0.15148684159595613,0.6312848213939359,0.0,0.6363636363636364,1.3333333333333333,0.9428090415820634,1.1547005383792517,0.6666666666666667,1.3066666666666669,0.026666666666666394,2.64,0.0,2.0,0.8497146591800014,0.18194151457364216,0.2228319368672863,0.12865207873437345,0.252158074319372,0.5975565848606295,1.1018727334993734,0.5924311174467549,0.9811771485586083,0.699429318360003,0.3638830291472843,0.44566387373457256,0.25730415746874685,0.5043161486387439,0.19511316972125914,1.2037454669987468,0.18486223489350984,0.9623542971172169
clean-warmstart-symmetric-finetune,clean-warmstart-symmetric-finetune,0.02,sparse-asym-0.01,sparse-edge-flip,0.01,5e-06,64,3,7; 42; 99,11.666666666666666,0.4714045207910317,0.5773502691896257,0.3333333333333333,0.6533333333333333,11.013333333333332,12.32,11.0,12.0,0.601010101010101,0.07248838431518849,0.0887797769254896,0.05125702810652635,0.10046377508879165,0.5005463259213093,0.7014738760988927,0.5,0.6666666666666666,0.601010101010101,0.07248838431518849,0.0887797769254896,0.05125702810652635,0.10046377508879165,0.5005463259213093,0.7014738760988927,0.5,0.6666666666666666,0.0,0.0,0.0,0.0,0.0,0.0,0.0,0.0,0.0,0.0,0.0,0.0,0.0,0.0,0.0,0.0,0.0,0.0,0.601010101010101,0.07248838431518849,0.0887797769254896,0.05125702810652635,0.10046377508879165,0.5005463259213093,0.7014738760988927,0.5,0.6666666666666666,0.0,0.0,0.0,0.0,0.0,0.0,0.0,0.0,0.0,0.0,0.0,0.0,0.0,0.0,0.0,0.0,0.0,0.0,0.9679760594411998,0.00193460446721553,0.002369396899393478,0.0013679719376818891,0.0026812249978565026,0.9652948344433433,0.9706572844390563,0.9652707827096587,0.9696824632959489,0.9359521188823997,0.003869208934431313,0.004738793798787266,0.0027359438753639578,0.005362449995713357,0.9305896688866864,0.941314568878113,0.9305415654193172,0.9393649265918982
clean-warmstart-symmetric-finetune,clean-warmstart-symmetric-finetune,0.02,sparse-asym-0.02,sparse-edge-flip,0.02,1e-05,96,3,7; 42; 99,11.666666666666666,0.4714045207910317,0.5773502691896257,0.3333333333333333,0.6533333333333333,11.013333333333332,12.32,11.0,12.0,0.601010101010101,0.07248838431518849,0.0887797769254896,0.05125702810652635,0.10046377508879165,0.5005463259213093,0.7014738760988927,0.5,0.6666666666666666,0.601010101010101,0.07248838431518849,0.0887797769254896,0.05125702810652635,0.10046377508879165,0.5005463259213093,0.7014738760988927,0.5,0.6666666666666666,0.0,0.0,0.0,0.0,0.0,0.0,0.0,0.0,0.0,0.0,0.0,0.0,0.0,0.0,0.0,0.0,0.0,0.0,0.601010101010101,0.07248838431518849,0.0887797769254896,0.05125702810652635,0.10046377508879165,0.5005463259213093,0.7014738760988927,0.5,0.6666666666666666,0.0,0.0,0.0,0.0,0.0,0.0,0.0,0.0,0.0,0.0,0.0,0.0,0.0,0.0,0.0,0.0,0.0,0.0,0.9551162228330528,0.003592338375920617,0.004399698002211966,0.0025401668259301376,0.00497872697882307,0.9501374958542297,0.9600949498118758,0.9510893785562701,0.9598121319497116,0.9102324456661055,0.007184676751841303,0.008799396004424016,0.005080333651860323,0.009957453957646233,0.9002749917084593,0.9201898996237518,0.9021787571125401,0.9196242638994234
clean-warmstart-symmetric-finetune,clean-warmstart-symmetric-finetune,0.02,sparse-asym-0.05,sparse-edge-flip,0.05,2e-05,160,3,7; 42; 99,11.666666666666666,0.4714045207910317,0.5773502691896257,0.3333333333333333,0.6533333333333333,11.013333333333332,12.32,11.0,12.0,0.601010101010101,0.07248838431518849,0.0887797769254896,0.05125702810652635,0.10046377508879165,0.5005463259213093,0.7014738760988927,0.5,0.6666666666666666,0.601010101010101,0.07248838431518849,0.0887797769254896,0.05125702810652635,0.10046377508879165,0.5005463259213093,0.7014738760988927,0.5,0.6666666666666666,0.0,0.0,0.0,0.0,0.0,0.0,0.0,0.0,0.0,0.0,0.0,0.0,0.0,0.0,0.0,0.0,0.0,0.0,0.37878787878787873,0.18213356485108043,0.22306714945962813,0.12878787878787878,0.25242424242424244,0.1263636363636363,0.6312121212121211,0.25,0.6363636363636364,0.22222222222222224,0.1712337223046938,0.20971762320196527,0.12108052620946316,0.2373178313705478,-0.015095609148325556,0.45954005359277006,0.0,0.4166666666666667,0.6666666666666666,0.4714045207910317,0.5773502691896258,0.33333333333333337,0.6533333333333334,0.013333333333333197,1.32,0.0,1.0,0.9311385328586926,0.009383190971835093,0.01149201502004289,0.006634917965352986,0.013004439212091852,0.9181340936466008,0.9441429720707845,0.9200191701908704,0.9429700751299152,0.8622770657173854,0.01876638194367008,0.022984030040085653,0.013269835930705897,0.026008878424183556,0.8362681872932018,0.8882859441415689,0.8400383403817407,0.88594015025983
clean-warmstart-symmetric-finetune,clean-warmstart-symmetric-finetune,0.02,symmetric-0.2,symmetric-edge-flip,0.2,0.2,160,3,7; 42; 99,11.666666666666666,0.4714045207910317,0.5773502691896257,0.3333333333333333,0.6533333333333333,11.013333333333332,12.32,11.0,12.0,0.601010101010101,0.07248838431518849,0.0887797769254896,0.05125702810652635,0.10046377508879165,0.5005463259213093,0.7014738760988927,0.5,0.6666666666666666,0.4343434343434343,0.2491440299882947,0.3051378729659962,0.17617143309686775,0.3452960088698608,0.08904742547357353,0.7796394432132951,0.08333333333333333,0.6363636363636364,0.1111111111111111,0.15713484026367722,0.19245008972987526,0.11111111111111112,0.2177777777777778,-0.10666666666666669,0.3288888888888889,0.0,0.3333333333333333,0.0,0.0,0.0,0.0,0.0,0.0,0.0,0.0,0.0,0.19444444444444445,0.2749859704614352,0.33678765702728175,0.19444444444444448,0.3811111111111112,-0.18666666666666673,0.5755555555555556,0.0,0.5833333333333334,0.23989898989898992,0.28239956684735895,0.3458674211795091,0.19968664872191125,0.39138583149494605,-0.15148684159595613,0.6312848213939359,0.0,0.6363636363636364,1.3333333333333333,0.9428090415820634,1.1547005383792517,0.6666666666666667,1.3066666666666669,0.026666666666666394,2.64,0.0,2.0,0.8556519763159365,0.1730759089151889,0.21197383180531543,0.12238314885395532,0.2398709717537524,0.6157810045621841,1.0955229480696889,0.6108984570111173,0.9801947140747155,0.7113039526318733,0.34615181783037785,0.42394766361063085,0.24476629770791064,0.4797419435075048,0.23156200912436847,1.1910458961393782,0.22179691402223478,0.9603894281494312
clean-warmstart-symmetric-finetune,clean-warmstart-symmetric-finetune,0.02,symmetric-0.3,symmetric-edge-flip,0.3,0.3,160,3,7; 42; 99,11.666666666666666,0.4714045207910317,0.5773502691896257,0.3333333333333333,0.6533333333333333,11.013333333333332,12.32,11.0,12.0,0.601010101010101,0.07248838431518849,0.0887797769254896,0.05125702810652635,0.10046377508879165,0.5005463259213093,0.7014738760988927,0.5,0.6666666666666666,0.4343434343434343,0.2491440299882947,0.3051378729659962,0.17617143309686775,0.3452960088698608,0.08904742547357353,0.7796394432132951,0.08333333333333333,0.6363636363636364,0.1111111111111111,0.15713484026367722,0.19245008972987526,0.11111111111111112,0.2177777777777778,-0.10666666666666669,0.3288888888888889,0.0,0.3333333333333333,0.0,0.0,0.0,0.0,0.0,0.0,0.0,0.0,0.0,0.1388888888888889,0.19641855032959654,0.2405626121623441,0.13888888888888892,0.2722222222222223,-0.13333333333333341,0.4111111111111112,0.0,0.4166666666666667,0.29545454545454547,0.24344796474737435,0.2981616462750671,0.17214370673893198,0.33740166520830667,-0.0419471197537612,0.6328562106628521,0.08333333333333333,0.6363636363636364,3.6666666666666665,1.8856180831641267,2.3094010767585034,1.3333333333333335,2.6133333333333337,1.0533333333333328,6.28,1.0,5.0,0.8565028791099571,0.1763160427332401,0.2159421690815961,0.1246742694486512,0.24436156811935636,0.6121413109906008,1.1008644472293134,0.6071543402126547,0.9811771485586083,0.7130057582199143,0.3526320854664805,0.4318843381631925,0.24934853889730257,0.48872313623871305,0.22428262198120125,1.2017288944586273,0.21430868042530915,0.9623542971172169
clean-warmstart-symmetric-finetune,clean-warmstart-symmetric-finetune,0.05,balanced-sparse-0.2,sparse-edge-flip,0.2,0.2,160,3,7; 42; 99,11.666666666666666,0.4714045207910317,0.5773502691896257,0.3333333333333333,0.6533333333333333,11.013333333333332,12.32,11.0,12.0,0.6843434343434343,0.04804620603646578,0.05884434443298508,0.033973798098670994,0.06658864427339514,0.6177547900700391,0.7509320786168294,0.6363636363636364,0.75,0.4621212121212121,0.268129025220884,0.3283896485105037,0.1895958519666259,0.37160786985458677,0.09051334226662533,0.8337290819757989,0.08333333333333333,0.6666666666666666,0.08333333333333333,0.11785113019775792,0.14433756729740646,0.08333333333333334,0.16333333333333336,-0.08000000000000003,0.2466666666666667,0.0,0.25,0.027777777777777776,0.039283710065919304,0.048112522432468816,0.02777777777777778,0.05444444444444445,-0.026666666666666672,0.08222222222222222,0.0,0.08333333333333333,0.19444444444444445,0.2749859704614352,0.33678765702728175,0.19444444444444448,0.3811111111111112,-0.18666666666666673,0.5755555555555556,0.0,0.5833333333333334,0.23989898989898992,0.28239956684735895,0.3458674211795091,0.19968664872191125,0.39138583149494605,-0.15148684159595613,0.6312848213939359,0.0,0.6363636363636364,1.3333333333333333,0.9428090415820634,1.1547005383792517,0.6666666666666667,1.3066666666666669,0.026666666666666394,2.64,0.0,2.0,0.8513263729600418,0.18076253909199289,0.2213879926926399,0.12781841717644654,0.2505240976658352,0.6008022752942066,1.101850470625877,0.5956924212777244,0.9801947140747157,0.7026527459200834,0.36152507818398577,0.44277598538527985,0.25563683435289314,0.5010481953316706,0.20160455058841287,1.2037009412517539,0.1913848425554486,0.9603894281494312
clean-warmstart-symmetric-finetune,clean-warmstart-symmetric-finetune,0.05,sparse-asym-0.01,sparse-edge-flip,0.01,5e-06,64,3,7; 42; 99,11.666666666666666,0.4714045207910317,0.5773502691896257,0.3333333333333333,0.6533333333333333,11.013333333333332,12.32,11.0,12.0,0.6843434343434343,0.04804620603646578,0.05884434443298508,0.033973798098670994,0.06658864427339514,0.6177547900700391,0.7509320786168294,0.6363636363636364,0.75,0.6843434343434343,0.04804620603646578,0.05884434443298508,0.033973798098670994,0.06658864427339514,0.6177547900700391,0.7509320786168294,0.6363636363636364,0.75,0.0,0.0,0.0,0.0,0.0,0.0,0.0,0.0,0.0,0.0,0.0,0.0,0.0,0.0,0.0,0.0,0.0,0.0,0.6843434343434343,0.04804620603646578,0.05884434443298508,0.033973798098670994,0.06658864427339514,0.6177547900700391,0.7509320786168294,0.6363636363636364,0.75,0.0,0.0,0.0,0.0,0.0,0.0,0.0,0.0,0.0,0.0,0.0,0.0,0.0,0.0,0.0,0.0,0.0,0.0,0.9644892092066749,0.000925710553005367,0.001133759252186395,0.000654576209446044,0.0012829693705142461,0.9632062398361607,0.9657721785771891,0.9634986724863569,0.9657257857323053,0.9289784184133499,0.001851421106010645,0.002267518504372681,0.0013091524188920249,0.0025659387410283687,0.9264124796723215,0.9315443571543783,0.9269973449727139,0.9314515714646104
clean-warmstart-symmetric-finetune,clean-warmstart-symmetric-finetune,0.05,sparse-asym-0.02,sparse-edge-flip,0.02,1e-05,96,3,7; 42; 99,11.666666666666666,0.4714045207910317,0.5773502691896257,0.3333333333333333,0.6533333333333333,11.013333333333332,12.32,11.0,12.0,0.6843434343434343,0.04804620603646578,0.05884434443298508,0.033973798098670994,0.06658864427339514,0.6177547900700391,0.7509320786168294,0.6363636363636364,0.75,0.6843434343434343,0.04804620603646578,0.05884434443298508,0.033973798098670994,0.06658864427339514,0.6177547900700391,0.7509320786168294,0.6363636363636364,0.75,0.0,0.0,0.0,0.0,0.0,0.0,0.0,0.0,0.0,0.0,0.0,0.0,0.0,0.0,0.0,0.0,0.0,0.0,0.6843434343434343,0.04804620603646578,0.05884434443298508,0.033973798098670994,0.06658864427339514,0.6177547900700391,0.7509320786168294,0.6363636363636364,0.75,0.0,0.0,0.0,0.0,0.0,0.0,0.0,0.0,0.0,0.0,0.0,0.0,0.0,0.0,0.0,0.0,0.0,0.0,0.9527967986505402,0.0019060442918925299,0.0023344179711405886,0.001347776844039119,0.002641642614316673,0.9501551560362236,0.9554384412648569,0.9507332017081604,0.9553304902632468,0.9055935973010807,0.003812088583785041,0.0046688359422811555,0.0026955536880782253,0.005283285228633322,0.9003103120724474,0.910876882529714,0.901466403416321,0.9106609805264937
clean-warmstart-symmetric-finetune,clean-warmstart-symmetric-finetune,0.05,sparse-asym-0.05,sparse-edge-flip,0.05,2e-05,160,3,7; 42; 99,11.666666666666666,0.4714045207910317,0.5773502691896257,0.3333333333333333,0.6533333333333333,11.013333333333332,12.32,11.0,12.0,0.6843434343434343,0.04804620603646578,0.05884434443298508,0.033973798098670994,0.06658864427339514,0.6177547900700391,0.7509320786168294,0.6363636363636364,0.75,0.6843434343434343,0.04804620603646578,0.05884434443298508,0.033973798098670994,0.06658864427339514,0.6177547900700391,0.7509320786168294,0.6363636363636364,0.75,0.0,0.0,0.0,0.0,0.0,0.0,0.0,0.0,0.0,0.0,0.0,0.0,0.0,0.0,0.0,0.0,0.0,0.0,0.48484848484848486,0.07133559036275523,0.08736789844447575,0.05044187968544996,0.09886608418348193,0.38598240066500294,0.5837145690319668,0.4166666666666667,0.5833333333333334,0.1994949494949495,0.03624419215759425,0.04438988846274481,0.02562851405326318,0.05023188754439583,0.14926306195055367,0.24972683703934534,0.16666666666666666,0.25,1.0,0.0,0.0,0.0,0.0,1.0,1.0,1.0,1.0,0.9274464520014565,0.00184082705589822,0.002254543495830223,0.0013016612942172994,0.002551256136665907,0.9248951958647905,0.9299977081381224,0.9251439092935944,0.9296497163132744,0.8548929040029133,0.003681654111796533,0.00450908699166056,0.002603322588434664,0.005102512273331942,0.8497903917295814,0.8599954162762452,0.8502878185871888,0.8592994326265492
clean-warmstart-symmetric-finetune,clean-warmstart-symmetric-finetune,0.05,symmetric-0.2,symmetric-edge-flip,0.2,0.2,160,3,7; 42; 99,11.666666666666666,0.4714045207910317,0.5773502691896257,0.3333333333333333,0.6533333333333333,11.013333333333332,12.32,11.0,12.0,0.6843434343434343,0.04804620603646578,0.05884434443298508,0.033973798098670994,0.06658864427339514,0.6177547900700391,0.7509320786168294,0.6363636363636364,0.75,0.4343434343434343,0.2491440299882947,0.3051378729659962,0.17617143309686775,0.3452960088698608,0.08904742547357353,0.7796394432132951,0.08333333333333333,0.6363636363636364,0.1111111111111111,0.15713484026367722,0.19245008972987526,0.11111111111111112,0.2177777777777778,-0.10666666666666669,0.3288888888888889,0.0,0.3333333333333333,0.0,0.0,0.0,0.0,0.0,0.0,0.0,0.0,0.0,0.19444444444444445,0.2749859704614352,0.33678765702728175,0.19444444444444448,0.3811111111111112,-0.18666666666666673,0.5755555555555556,0.0,0.5833333333333334,0.23989898989898992,0.28239956684735895,0.3458674211795091,0.19968664872191125,0.39138583149494605,-0.15148684159595613,0.6312848213939359,0.0,0.6363636363636364,1.3333333333333333,0.9428090415820634,1.1547005383792517,0.6666666666666667,1.3066666666666669,0.026666666666666394,2.64,0.0,2.0,0.8512406801779432,0.18050095956247933,0.22106762450540718,0.12763345251730795,0.2501615669339236,0.6010791132440196,1.1014022471118667,0.5959823891212814,0.9806859313166619,0.7024813603558866,0.3610019191249588,0.4421352490108146,0.255266905034616,0.5003231338678474,0.20215822648803916,1.202804494223734,0.19196477824256264,0.9613718626333241
clean-warmstart-symmetric-finetune,clean-warmstart-symmetric-finetune,0.05,symmetric-0.3,symmetric-edge-flip,0.3,0.3,160,3,7; 42; 99,11.666666666666666,0.4714045207910317,0.5773502691896257,0.3333333333333333,0.6533333333333333,11.013333333333332,12.32,11.0,12.0,0.6843434343434343,0.04804620603646578,0.05884434443298508,0.033973798098670994,0.06658864427339514,0.6177547900700391,0.7509320786168294,0.6363636363636364,0.75,0.4343434343434343,0.2491440299882947,0.3051378729659962,0.17617143309686775,0.3452960088698608,0.08904742547357353,0.7796394432132951,0.08333333333333333,0.6363636363636364,0.1111111111111111,0.15713484026367722,0.19245008972987526,0.11111111111111112,0.2177777777777778,-0.10666666666666669,0.3288888888888889,0.0,0.3333333333333333,0.0,0.0,0.0,0.0,0.0,0.0,0.0,0.0,0.0,0.1388888888888889,0.19641855032959654,0.2405626121623441,0.13888888888888892,0.2722222222222223,-0.13333333333333341,0.4111111111111112,0.0,0.4166666666666667,0.29545454545454547,0.24344796474737435,0.2981616462750671,0.17214370673893198,0.33740166520830667,-0.0419471197537612,0.6328562106628521,0.08333333333333333,0.6363636363636364,3.6666666666666665,1.8856180831641267,2.3094010767585034,1.3333333333333335,2.6133333333333337,1.0533333333333328,6.28,1.0,5.0,0.8525773969019994,0.18116537157724097,0.22188135971297743,0.12810326275844772,0.25108239500655755,0.6014950018954419,1.103659791908557,0.5963715136287128,0.9811771485586083,0.7051547938039991,0.36233074315448205,0.44376271942595497,0.2562065255168955,0.5021647900131152,0.20299000379088394,1.2073195838171142,0.19274302725742568,0.9623542971172169
matched-sparse-noisy-training,matched-sparse-noisy-training,0.01,balanced-sparse-0.2,sparse-edge-flip,0.2,0.2,160,3,7; 42; 99,12.0,0.0,0.0,0.0,0.0,12.0,12.0,12.0,12.0,0.6111111111111112,0.03928371006591927,0.048112522432468774,0.027777777777777755,0.0544444444444444,0.5566666666666668,0.6655555555555556,0.5833333333333334,0.6666666666666666,0.3611111111111111,0.039283710065919325,0.048112522432468836,0.027777777777777794,0.054444444444444476,0.30666666666666664,0.41555555555555557,0.3333333333333333,0.4166666666666667,0.25,0.18002057495577392,0.22047927592204924,0.12729376930432892,0.24949578783648468,0.0005042121635153163,0.4994957878364847,0.0,0.4166666666666667,0.05555555555555555,0.039283710065919304,0.048112522432468816,0.02777777777777778,0.05444444444444445,0.0011111111111111044,0.11,0.0,0.08333333333333333,0.2222222222222222,0.10393492741038726,0.1272937693043289,0.07349309197401642,0.14404646026907217,0.07817576195315004,0.3662686824912944,0.08333333333333333,0.3333333333333333,0.08333333333333333,0.11785113019775792,0.14433756729740646,0.08333333333333334,0.16333333333333336,-0.08000000000000003,0.2466666666666667,0.0,0.25,0.3333333333333333,0.4714045207910317,0.5773502691896258,0.33333333333333337,0.6533333333333334,-0.3200000000000001,0.9866666666666668,0.0,1.0,0.6599716876812695,0.12070930458338829,0.14783810171775003,0.08535436782322625,0.16729456093352346,0.492677126747746,0.8272662486147929,0.5653117616266647,0.8303289977457667,0.3199433753625389,0.24141860916677652,0.2956762034355,0.17070873564645248,0.33458912186704687,-0.01464574650450795,0.6545324972295858,0.13062352325332935,0.6606579954915333
matched-sparse-noisy-training,matched-sparse-noisy-training,0.01,sparse-asym-0.01,sparse-edge-flip,0.01,5e-06,64,3,7; 42; 99,12.0,0.0,0.0,0.0,0.0,12.0,12.0,12.0,12.0,0.6111111111111112,0.03928371006591927,0.048112522432468774,0.027777777777777755,0.0544444444444444,0.5566666666666668,0.6655555555555556,0.5833333333333334,0.6666666666666666,0.6111111111111112,0.03928371006591927,0.048112522432468774,0.027777777777777755,0.0544444444444444,0.5566666666666668,0.6655555555555556,0.5833333333333334,0.6666666666666666,0.0,0.0,0.0,0.0,0.0,0.0,0.0,0.0,0.0,0.0,0.0,0.0,0.0,0.0,0.0,0.0,0.0,0.0,0.6111111111111112,0.03928371006591927,0.048112522432468774,0.027777777777777755,0.0544444444444444,0.5566666666666668,0.6655555555555556,0.5833333333333334,0.6666666666666666,0.0,0.0,0.0,0.0,0.0,0.0,0.0,0.0,0.0,0.0,0.0,0.0,0.0,0.0,0.0,0.0,0.0,0.0,0.9680284839793002,0.0011620319644734382,0.0014231926888819365,0.0008216806820346934,0.001610494136787999,0.9664179898425121,0.9696389781160882,0.9668037978431795,0.9695898187916251,0.9360569679586006,0.002324063928947086,0.00284638537776413,0.0016433613640695352,0.003220988273576289,0.9328359796850243,0.9392779562321769,0.9336075956863591,0.9391796375832507
matched-sparse-noisy-training,matched-sparse-noisy-training,0.01,sparse-asym-0.02,sparse-edge-flip,0.02,1e-05,96,3,7; 42; 99,12.0,0.0,0.0,0.0,0.0,12.0,12.0,12.0,12.0,0.6111111111111112,0.03928371006591927,0.048112522432468774,0.027777777777777755,0.0544444444444444,0.5566666666666668,0.6655555555555556,0.5833333333333334,0.6666666666666666,0.6111111111111112,0.03928371006591927,0.048112522432468774,0.027777777777777755,0.0544444444444444,0.5566666666666668,0.6655555555555556,0.5833333333333334,0.6666666666666666,0.0,0.0,0.0,0.0,0.0,0.0,0.0,0.0,0.0,0.0,0.0,0.0,0.0,0.0,0.0,0.0,0.0,0.0,0.6111111111111112,0.03928371006591927,0.048112522432468774,0.027777777777777755,0.0544444444444444,0.5566666666666668,0.6655555555555556,0.5833333333333334,0.6666666666666666,0.0,0.0,0.0,0.0,0.0,0.0,0.0,0.0,0.0,0.0,0.0,0.0,0.0,0.0,0.0,0.0,0.0,0.0,0.958109545188674,0.004011350327017716,0.004912880740369922,0.0028364530179491028,0.005559447915180241,0.9525500972734937,0.9636689931038542,0.9528515897183419,0.9625829267226601,0.9162190903773478,0.008022700654035545,0.009825761480739981,0.0056729060358982845,0.011118895830360638,0.9051001945469872,0.9273379862077085,0.9057031794366838,0.9251658534453203
matched-sparse-noisy-training,matched-sparse-noisy-training,0.01,sparse-asym-0.05,sparse-edge-flip,0.05,2e-05,160,3,7; 42; 99,12.0,0.0,0.0,0.0,0.0,12.0,12.0,12.0,12.0,0.6111111111111112,0.03928371006591927,0.048112522432468774,0.027777777777777755,0.0544444444444444,0.5566666666666668,0.6655555555555556,0.5833333333333334,0.6666666666666666,0.6111111111111112,0.03928371006591927,0.048112522432468774,0.027777777777777755,0.0544444444444444,0.5566666666666668,0.6655555555555556,0.5833333333333334,0.6666666666666666,0.0,0.0,0.0,0.0,0.0,0.0,0.0,0.0,0.0,0.0,0.0,0.0,0.0,0.0,0.0,0.0,0.0,0.0,0.3333333333333333,0.11785113019775792,0.14433756729740643,0.08333333333333333,0.16333333333333333,0.16999999999999998,0.49666666666666665,0.25,0.5,0.27777777777777773,0.07856742013183861,0.09622504486493763,0.05555555555555556,0.1088888888888889,0.16888888888888884,0.3866666666666666,0.16666666666666666,0.3333333333333333,1.0,0.0,0.0,0.0,0.0,1.0,1.0,1.0,1.0,0.9356224326577077,0.006514196218974791,0.007978228410427857,0.004606232320416843,0.009028215348017012,0.9265942173096907,0.9446506480057247,0.92876522656506,0.9443789031968635,0.8712448653154157,0.013028392437949494,0.015956456820855607,0.009212464640833626,0.018056430696033906,0.8531884346193818,0.8893012960114496,0.8575304531301202,0.8887578063937269
matched-sparse-noisy-training,matched-sparse-noisy-training,0.01,symmetric-0.2,symmetric-edge-flip,0.2,0.2,160,3,7; 42; 99,12.0,0.0,0.0,0.0,0.0,12.0,12.0,12.0,12.0,0.6111111111111112,0.03928371006591927,0.048112522432468774,0.027777777777777755,0.0544444444444444,0.5566666666666668,0.6655555555555556,0.5833333333333334,0.6666666666666666,0.3888888888888889,0.039283710065919325,0.048112522432468836,0.027777777777777794,0.054444444444444476,0.33444444444444443,0.44333333333333336,0.3333333333333333,0.4166666666666667,0.25,0.18002057495577392,0.22047927592204924,0.12729376930432892,0.24949578783648468,0.0005042121635153163,0.4994957878364847,0.0,0.4166666666666667,0.05555555555555555,0.07856742013183861,0.09622504486493763,0.05555555555555556,0.1088888888888889,-0.053333333333333344,0.16444444444444445,0.0,0.16666666666666666,0.25,0.13608276348795434,0.16666666666666669,0.09622504486493764,0.18860108793527777,0.06139891206472223,0.43860108793527774,0.08333333333333333,0.4166666666666667,0.08333333333333333,0.11785113019775792,0.14433756729740646,0.08333333333333334,0.16333333333333336,-0.08000000000000003,0.2466666666666667,0.0,0.25,0.3333333333333333,0.4714045207910317,0.5773502691896258,0.33333333333333337,0.6533333333333334,-0.3200000000000001,0.9866666666666668,0.0,1.0,0.6582660240933478,0.12581300459245381,0.15408883212897423,0.08896322870877833,0.17436792826920552,0.4838980958241422,0.8326339523625533,0.5659639890056504,0.8361501768988812,0.31653204818669545,0.25162600918490763,0.30817766425794846,0.17792645741755667,0.34873585653841105,-0.0322038083517156,0.6652679047251064,0.13192797801130066,0.6723003537977622
matched-sparse-noisy-training,matched-sparse-noisy-training,0.01,symmetric-0.3,symmetric-edge-flip,0.3,0.3,160,3,7; 42; 99,12.0,0.0,0.0,0.0,0.0,12.0,12.0,12.0,12.0,0.6111111111111112,0.03928371006591927,0.048112522432468774,0.027777777777777755,0.0544444444444444,0.5566666666666668,0.6655555555555556,0.5833333333333334,0.6666666666666666,0.3333333333333333,0.06804138174397717,0.08333333333333334,0.04811252243246882,0.09430054396763889,0.23903278936569444,0.4276338773009722,0.25,0.4166666666666667,0.22222222222222224,0.1712337223046938,0.20971762320196527,0.12108052620946316,0.2373178313705478,-0.015095609148325556,0.45954005359277006,0.0,0.4166666666666667,0.027777777777777776,0.039283710065919304,0.048112522432468816,0.02777777777777778,0.05444444444444445,-0.026666666666666672,0.08222222222222222,0.0,0.08333333333333333,0.13888888888888887,0.10393492741038726,0.1272937693043289,0.07349309197401642,0.14404646026907217,-0.005157571380183301,0.28293534915796104,0.0,0.25,0.16666666666666666,0.11785113019775792,0.14433756729740646,0.08333333333333334,0.16333333333333336,0.0033333333333332993,0.33,0.08333333333333333,0.3333333333333333,2.0,1.4142135623730951,1.7320508075688772,1.0,1.96,0.040000000000000036,3.96,1.0,4.0,0.6846500256947131,0.15123171924069131,0.18522027253176937,0.1069369742055929,0.20959646944296206,0.47505355625175105,0.8942464951376752,0.5587816930234293,0.897332051713411,0.3693000513894267,0.3024634384813829,0.37044054506353913,0.213873948411186,0.41919293888592457,-0.049892887496497895,0.7884929902753512,0.11756338604685841,0.7946641034268226
matched-sparse-noisy-training,matched-sparse-noisy-training,0.02,balanced-sparse-0.2,sparse-edge-flip,0.2,0.2,160,3,7; 42; 99,12.0,0.0,0.0,0.0,0.0,12.0,12.0,12.0,12.0,0.6111111111111112,0.03928371006591927,0.048112522432468774,0.027777777777777755,0.0544444444444444,0.5566666666666668,0.6655555555555556,0.5833333333333334,0.6666666666666666,0.3888888888888889,0.039283710065919325,0.048112522432468836,0.027777777777777794,0.054444444444444476,0.33444444444444443,0.44333333333333336,0.3333333333333333,0.4166666666666667,0.25,0.18002057495577392,0.22047927592204924,0.12729376930432892,0.24949578783648468,0.0005042121635153163,0.4994957878364847,0.0,0.4166666666666667,0.05555555555555555,0.07856742013183861,0.09622504486493763,0.05555555555555556,0.1088888888888889,-0.053333333333333344,0.16444444444444445,0.0,0.16666666666666666,0.25,0.13608276348795434,0.16666666666666669,0.09622504486493764,0.18860108793527777,0.06139891206472223,0.43860108793527774,0.08333333333333333,0.4166666666666667,0.08333333333333333,0.11785113019775792,0.14433756729740646,0.08333333333333334,0.16333333333333336,-0.08000000000000003,0.2466666666666667,0.0,0.25,0.3333333333333333,0.4714045207910317,0.5773502691896258,0.33333333333333337,0.6533333333333334,-0.3200000000000001,0.9866666666666668,0.0,1.0,0.6612384151694369,0.1278301047685166,0.15655926522469021,0.09038953392160491,0.1771634864863456,0.4840749286830913,0.8384019016557825,0.5706354539684944,0.8420173148991131,0.3224768303388736,0.25566020953703317,0.31311853044938043,0.18077906784320982,0.3543269729726912,-0.031850142633817635,0.6768038033115649,0.1412709079369887,0.684034629798226
matched-sparse-noisy-training,matched-sparse-noisy-training,0.02,sparse-asym-0.01,sparse-edge-flip,0.01,5e-06,64,3,7; 42; 99,12.0,0.0,0.0,0.0,0.0,12.0,12.0,12.0,12.0,0.6111111111111112,0.03928371006591927,0.048112522432468774,0.027777777777777755,0.0544444444444444,0.5566666666666668,0.6655555555555556,0.5833333333333334,0.6666666666666666,0.6111111111111112,0.03928371006591927,0.048112522432468774,0.027777777777777755,0.0544444444444444,0.5566666666666668,0.6655555555555556,0.5833333333333334,0.6666666666666666,0.0,0.0,0.0,0.0,0.0,0.0,0.0,0.0,0.0,0.0,0.0,0.0,0.0,0.0,0.0,0.0,0.0,0.0,0.6111111111111112,0.03928371006591927,0.048112522432468774,0.027777777777777755,0.0544444444444444,0.5566666666666668,0.6655555555555556,0.5833333333333334,0.6666666666666666,0.0,0.0,0.0,0.0,0.0,0.0,0.0,0.0,0.0,0.0,0.0,0.0,0.0,0.0,0.0,0.0,0.0,0.0,0.9684861738252534,0.0025224962361040516,0.003089414328273024,0.0017836741940667174,0.003496001420370766,0.9649901724048826,0.9719821752456241,0.9661641104853057,0.9719925193922764,0.936972347650507,0.00504499247220836,0.006178828656546363,0.0035673483881336165,0.006992002840741888,0.9299803448097651,0.9439643504912488,0.9323282209706113,0.9439850387845533
matched-sparse-noisy-training,matched-sparse-noisy-training,0.02,sparse-asym-0.02,sparse-edge-flip,0.02,1e-05,96,3,7; 42; 99,12.0,0.0,0.0,0.0,0.0,12.0,12.0,12.0,12.0,0.6111111111111112,0.03928371006591927,0.048112522432468774,0.027777777777777755,0.0544444444444444,0.5566666666666668,0.6655555555555556,0.5833333333333334,0.6666666666666666,0.6111111111111112,0.03928371006591927,0.048112522432468774,0.027777777777777755,0.0544444444444444,0.5566666666666668,0.6655555555555556,0.5833333333333334,0.6666666666666666,0.0,0.0,0.0,0.0,0.0,0.0,0.0,0.0,0.0,0.0,0.0,0.0,0.0,0.0,0.0,0.0,0.0,0.0,0.6111111111111112,0.03928371006591927,0.048112522432468774,0.027777777777777755,0.0544444444444444,0.5566666666666668,0.6655555555555556,0.5833333333333334,0.6666666666666666,0.0,0.0,0.0,0.0,0.0,0.0,0.0,0.0,0.0,0.0,0.0,0.0,0.0,0.0,0.0,0.0,0.0,0.0,0.9592888979644622,0.0033639164540395163,0.0041199394248746775,0.002378648135996347,0.0046621503465528406,0.9546267476179093,0.963951048311015,0.9549127823617742,0.9630928487197391,0.9185777959289242,0.00672783290807892,0.008239878849749216,0.0047572962719926145,0.009324300693105525,0.9092534952358187,0.9279020966220297,0.9098255647235486,0.926185697439478
matched-sparse-noisy-training,matched-sparse-noisy-training,0.02,sparse-asym-0.05,sparse-edge-flip,0.05,2e-05,160,3,7; 42; 99,12.0,0.0,0.0,0.0,0.0,12.0,12.0,12.0,12.0,0.6111111111111112,0.03928371006591927,0.048112522432468774,0.027777777777777755,0.0544444444444444,0.5566666666666668,0.6655555555555556,0.5833333333333334,0.6666666666666666,0.6111111111111112,0.03928371006591927,0.048112522432468774,0.027777777777777755,0.0544444444444444,0.5566666666666668,0.6655555555555556,0.5833333333333334,0.6666666666666666,0.0,0.0,0.0,0.0,0.0,0.0,0.0,0.0,0.0,0.0,0.0,0.0,0.0,0.0,0.0,0.0,0.0,0.0,0.3055555555555556,0.07856742013183862,0.09622504486493764,0.055555555555555566,0.10888888888888891,0.19666666666666666,0.4144444444444445,0.25,0.4166666666666667,0.3055555555555555,0.0392837100659193,0.0481125224324688,0.027777777777777773,0.054444444444444434,0.25111111111111106,0.36,0.25,0.3333333333333333,1.0,0.0,0.0,0.0,0.0,1.0,1.0,1.0,1.0,0.9365941578129666,0.0054641984663997166,0.006692249047988839,0.0038637717893403732,0.007572992707107131,0.9290211651058595,0.9441671505200737,0.9300818853567566,0.9434529219586304,0.8731883156259332,0.01092839693279942,0.013384498095977661,0.007727543578680737,0.015145985414214243,0.858042330211719,0.8883343010401474,0.8601637707135131,0.8869058439172607
matched-sparse-noisy-training,matched-sparse-noisy-training,0.02,symmetric-0.2,symmetric-edge-flip,0.2,0.2,160,3,7; 42; 99,12.0,0.0,0.0,0.0,0.0,12.0,12.0,12.0,12.0,0.6111111111111112,0.03928371006591927,0.048112522432468774,0.027777777777777755,0.0544444444444444,0.5566666666666668,0.6655555555555556,0.5833333333333334,0.6666666666666666,0.3611111111111111,0.039283710065919325,0.048112522432468836,0.027777777777777794,0.054444444444444476,0.30666666666666664,0.41555555555555557,0.3333333333333333,0.4166666666666667,0.22222222222222224,0.1712337223046938,0.20971762320196527,0.12108052620946316,0.2373178313705478,-0.015095609148325556,0.45954005359277006,0.0,0.4166666666666667,0.027777777777777776,0.039283710065919304,0.048112522432468816,0.02777777777777778,0.05444444444444445,-0.026666666666666672,0.08222222222222222,0.0,0.08333333333333333,0.25,0.13608276348795434,0.16666666666666669,0.09622504486493764,0.18860108793527777,0.06139891206472223,0.43860108793527774,0.08333333333333333,0.4166666666666667,0.08333333333333333,0.11785113019775792,0.14433756729740646,0.08333333333333334,0.16333333333333336,-0.08000000000000003,0.2466666666666667,0.0,0.25,0.3333333333333333,0.4714045207910317,0.5773502691896258,0.33333333333333337,0.6533333333333334,-0.3200000000000001,0.9866666666666668,0.0,1.0,0.6585899489478445,0.12654190447360128,0.15498154852016754,0.08947863875754378,0.1753781319647858,0.4832118169830587,0.8339680809126303,0.563743210684512,0.8374376406469648,0.31717989789568884,0.25308380894720256,0.3099630970403351,0.17895727751508755,0.3507562639295716,-0.033576366033882754,0.6679361618252604,0.12748642136902408,0.6748752812939295
matched-sparse-noisy-training,matched-sparse-noisy-training,0.02,symmetric-0.3,symmetric-edge-flip,0.3,0.3,160,3,7; 42; 99,12.0,0.0,0.0,0.0,0.0,12.0,12.0,12.0,12.0,0.6111111111111112,0.03928371006591927,0.048112522432468774,0.027777777777777755,0.0544444444444444,0.5566666666666668,0.6655555555555556,0.5833333333333334,0.6666666666666666,0.3888888888888889,0.039283710065919325,0.048112522432468836,0.027777777777777794,0.054444444444444476,0.33444444444444443,0.44333333333333336,0.3333333333333333,0.4166666666666667,0.25,0.18002057495577392,0.22047927592204924,0.12729376930432892,0.24949578783648468,0.0005042121635153163,0.4994957878364847,0.0,0.4166666666666667,0.08333333333333333,0.06804138174397717,0.08333333333333333,0.048112522432468816,0.09430054396763887,-0.010967210634305544,0.1776338773009722,0.0,0.16666666666666666,0.13888888888888887,0.10393492741038726,0.1272937693043289,0.07349309197401642,0.14404646026907217,-0.005157571380183301,0.28293534915796104,0.0,0.25,0.16666666666666666,0.11785113019775792,0.14433756729740646,0.08333333333333334,0.16333333333333336,0.0033333333333332993,0.33,0.08333333333333333,0.3333333333333333,2.0,1.4142135623730951,1.7320508075688772,1.0,1.96,0.040000000000000036,3.96,1.0,4.0,0.6876581615806249,0.1491183897124312,0.18263198303047237,0.10544262456527839,0.20666754414794564,0.48099061743267923,0.8943257057285705,0.5701788351665004,0.8980665332433387,0.37531632316124974,0.29823677942486254,0.365263966060945,0.21088524913055695,0.4133350882958916,-0.03801876513464186,0.7886514114571413,0.14035767033300053,0.7961330664866777
matched-sparse-noisy-training,matched-sparse-noisy-training,0.05,balanced-sparse-0.2,sparse-edge-flip,0.2,0.2,160,3,7; 42; 99,12.0,0.0,0.0,0.0,0.0,12.0,12.0,12.0,12.0,0.7222222222222222,0.039283710065919325,0.048112522432468836,0.027777777777777794,0.054444444444444476,0.6677777777777777,0.7766666666666667,0.6666666666666666,0.75,0.3611111111111111,0.039283710065919325,0.048112522432468836,0.027777777777777794,0.054444444444444476,0.30666666666666664,0.41555555555555557,0.3333333333333333,0.4166666666666667,0.25,0.18002057495577392,0.22047927592204924,0.12729376930432892,0.24949578783648468,0.0005042121635153163,0.4994957878364847,0.0,0.4166666666666667,0.027777777777777776,0.039283710065919304,0.048112522432468816,0.02777777777777778,0.05444444444444445,-0.026666666666666672,0.08222222222222222,0.0,0.08333333333333333,0.25,0.13608276348795434,0.16666666666666669,0.09622504486493764,0.18860108793527777,0.06139891206472223,0.43860108793527774,0.08333333333333333,0.4166666666666667,0.08333333333333333,0.11785113019775792,0.14433756729740646,0.08333333333333334,0.16333333333333336,-0.08000000000000003,0.2466666666666667,0.0,0.25,0.3333333333333333,0.4714045207910317,0.5773502691896258,0.33333333333333337,0.6533333333333334,-0.3200000000000001,0.9866666666666668,0.0,1.0,0.6641307206068264,0.12468038653461025,0.15270166397138485,0.08816234679958282,0.17279819972718233,0.4913325208796441,0.8369289203340088,0.5751064373615987,0.8404525960283326,0.32826144121365297,0.24936077306922055,0.30540332794276975,0.1763246935991657,0.34559639945436477,-0.017334958240711795,0.6738578406680178,0.15021287472319741,0.6809051920566652
matched-sparse-noisy-training,matched-sparse-noisy-training,0.05,sparse-asym-0.01,sparse-edge-flip,0.01,5e-06,64,3,7; 42; 99,12.0,0.0,0.0,0.0,0.0,12.0,12.0,12.0,12.0,0.7222222222222222,0.039283710065919325,0.048112522432468836,0.027777777777777794,0.054444444444444476,0.6677777777777777,0.7766666666666667,0.6666666666666666,0.75,0.7222222222222222,0.039283710065919325,0.048112522432468836,0.027777777777777794,0.054444444444444476,0.6677777777777777,0.7766666666666667,0.6666666666666666,0.75,0.0,0.0,0.0,0.0,0.0,0.0,0.0,0.0,0.0,0.0,0.0,0.0,0.0,0.0,0.0,0.0,0.0,0.0,0.7222222222222222,0.039283710065919325,0.048112522432468836,0.027777777777777794,0.054444444444444476,0.6677777777777777,0.7766666666666667,0.6666666666666666,0.75,0.0,0.0,0.0,0.0,0.0,0.0,0.0,0.0,0.0,0.0,0.0,0.0,0.0,0.0,0.0,0.0,0.0,0.0,0.9686079886727361,0.0027275873010412927,0.0033405985582231493,0.0019286954768446111,0.0037802431346154377,0.9648277455381207,0.9723882318073516,0.9666052145610485,0.9724644187440822,0.9372159773454722,0.0054551746020828195,0.006681197116446586,0.003857390953689388,0.0075604862692312,0.929655491076241,0.9447764636147035,0.933210429122097,0.9449288374881647
matched-sparse-noisy-training,matched-sparse-noisy-training,0.05,sparse-asym-0.02,sparse-edge-flip,0.02,1e-05,96,3,7; 42; 99,12.0,0.0,0.0,0.0,0.0,12.0,12.0,12.0,12.0,0.7222222222222222,0.039283710065919325,0.048112522432468836,0.027777777777777794,0.054444444444444476,0.6677777777777777,0.7766666666666667,0.6666666666666666,0.75,0.7222222222222222,0.039283710065919325,0.048112522432468836,0.027777777777777794,0.054444444444444476,0.6677777777777777,0.7766666666666667,0.6666666666666666,0.75,0.0,0.0,0.0,0.0,0.0,0.0,0.0,0.0,0.0,0.0,0.0,0.0,0.0,0.0,0.0,0.0,0.0,0.0,0.7222222222222222,0.039283710065919325,0.048112522432468836,0.027777777777777794,0.054444444444444476,0.6677777777777777,0.7766666666666667,0.6666666666666666,0.75,0.0,0.0,0.0,0.0,0.0,0.0,0.0,0.0,0.0,0.0,0.0,0.0,0.0,0.0,0.0,0.0,0.0,0.0,0.9546880541595776,0.002379366411915581,0.002914116810155015,0.0016824661247930117,0.003297633604594303,0.9513904205549832,0.9579856877641719,0.9528058696060361,0.9580447442429038,0.9093761083191554,0.004758732823831214,0.005828233620310094,0.00336493224958606,0.006595267209188677,0.9027808411099667,0.9159713755283441,0.9056117392120723,0.9160894884858077
matched-sparse-noisy-training,matched-sparse-noisy-training,0.05,sparse-asym-0.05,sparse-edge-flip,0.05,2e-05,160,3,7; 42; 99,12.0,0.0,0.0,0.0,0.0,12.0,12.0,12.0,12.0,0.7222222222222222,0.039283710065919325,0.048112522432468836,0.027777777777777794,0.054444444444444476,0.6677777777777777,0.7766666666666667,0.6666666666666666,0.75,0.7222222222222222,0.039283710065919325,0.048112522432468836,0.027777777777777794,0.054444444444444476,0.6677777777777777,0.7766666666666667,0.6666666666666666,0.75,0.0,0.0,0.0,0.0,0.0,0.0,0.0,0.0,0.0,0.0,0.0,0.0,0.0,0.0,0.0,0.0,0.0,0.0,0.5555555555555557,0.039283710065919325,0.048112522432468836,0.027777777777777794,0.054444444444444476,0.5011111111111112,0.6100000000000002,0.5,0.5833333333333334,0.16666666666666666,0.0,0.0,0.0,0.0,0.16666666666666666,0.16666666666666666,0.16666666666666666,0.16666666666666666,1.0,0.0,0.0,0.0,0.0,1.0,1.0,1.0,1.0,0.9371998034314782,0.006303589059137685,0.007720288371539012,0.004457310569529587,0.00873632871627799,0.9284634747152003,0.9459361321477562,0.9282918730118612,0.9419528242701717,0.8743996068629564,0.012607178118275374,0.015440576743078027,0.008914621139059175,0.017472657432555983,0.8569269494304004,0.8918722642955124,0.8565837460237224,0.8839056485403435
matched-sparse-noisy-training,matched-sparse-noisy-training,0.05,symmetric-0.2,symmetric-edge-flip,0.2,0.2,160,3,7; 42; 99,12.0,0.0,0.0,0.0,0.0,12.0,12.0,12.0,12.0,0.7222222222222222,0.039283710065919325,0.048112522432468836,0.027777777777777794,0.054444444444444476,0.6677777777777777,0.7766666666666667,0.6666666666666666,0.75,0.3611111111111111,0.039283710065919325,0.048112522432468836,0.027777777777777794,0.054444444444444476,0.30666666666666664,0.41555555555555557,0.3333333333333333,0.4166666666666667,0.22222222222222224,0.1712337223046938,0.20971762320196527,0.12108052620946316,0.2373178313705478,-0.015095609148325556,0.45954005359277006,0.0,0.4166666666666667,0.027777777777777776,0.039283710065919304,0.048112522432468816,0.02777777777777778,0.05444444444444445,-0.026666666666666672,0.08222222222222222,0.0,0.08333333333333333,0.25,0.13608276348795434,0.16666666666666669,0.09622504486493764,0.18860108793527777,0.06139891206472223,0.43860108793527774,0.08333333333333333,0.4166666666666667,0.08333333333333333,0.11785113019775792,0.14433756729740646,0.08333333333333334,0.16333333333333336,-0.08000000000000003,0.2466666666666667,0.0,0.25,0.3333333333333333,0.4714045207910317,0.5773502691896258,0.33333333333333337,0.6533333333333334,-0.3200000000000001,0.9866666666666668,0.0,1.0,0.6608291989537465,0.12201642813879665,0.14943899458851156,0.08627864375310418,0.16910614175608418,0.4917230571976623,0.8299353407098307,0.567573041354983,0.8331930320398908,0.3216583979074929,0.2440328562775932,0.298877989177023,0.1725572875062083,0.33821228351216825,-0.016553885604675356,0.6598706814196611,0.1351460827099658,0.6663860640797813
matched-sparse-noisy-training,matched-sparse-noisy-training,0.05,symmetric-0.3,symmetric-edge-flip,0.3,0.3,160,3,7; 42; 99,12.0,0.0,0.0,0.0,0.0,12.0,12.0,12.0,12.0,0.7222222222222222,0.039283710065919325,0.048112522432468836,0.027777777777777794,0.054444444444444476,0.6677777777777777,0.7766666666666667,0.6666666666666666,0.75,0.3055555555555555,0.0392837100659193,0.0481125224324688,0.027777777777777773,0.054444444444444434,0.25111111111111106,0.36,0.25,0.3333333333333333,0.22222222222222224,0.1712337223046938,0.20971762320196527,0.12108052620946316,0.2373178313705478,-0.015095609148325556,0.45954005359277006,0.0,0.4166666666666667,0.0,0.0,0.0,0.0,0.0,0.0,0.0,0.0,0.0,0.13888888888888887,0.10393492741038726,0.1272937693043289,0.07349309197401642,0.14404646026907217,-0.005157571380183301,0.28293534915796104,0.0,0.25,0.16666666666666666,0.11785113019775792,0.14433756729740646,0.08333333333333334,0.16333333333333336,0.0033333333333332993,0.33,0.08333333333333333,0.3333333333333333,1.6666666666666667,0.9428090415820634,1.1547005383792517,0.6666666666666667,1.3066666666666669,0.3599999999999999,2.9733333333333336,1.0,3.0,0.6813266711131671,0.14553494038781728,0.17824317184825986,0.10290874324780556,0.2017011367656989,0.47962553434746824,0.883027807878866,0.5750577793164421,0.8871071791544826,0.3626533422263341,0.2910698807756345,0.35648634369651966,0.20581748649561107,0.4034022735313977,-0.040748931305063574,0.7660556157577318,0.1501155586328841,0.774214358308965
